Date,Low (EUR),High (EUR),Volume (Billion)
2014-09-17,388.18,401.69,21056800
2014-09-18,354.44,391.99,34483200
2014-09-19,329.93,367.08,37919700
2014-09-20,334.52,363.19,36863600
2014-09-21,337.35,353.86,26580100
2014-09-22,340.74,349.13,24127600
2014-09-23,339.94,378.86,45099500
2014-09-24,361.33,374.18,30627700
2014-09-25,351.32,363.38,26814400
2014-09-26,343.21,356.02,21460800
2014-09-27,340.95,348.88,15029300
2014-09-28,321.18,344.07,23613300
2014-09-29,319.38,330.51,32497700
2014-09-30,320.41,335.46,34707300
2014-10-01,326.71,335.8,26229400
2014-10-02,319.99,330.76,21777700
2014-10-03,307.04,324.06,30901200
2014-10-04,279.61,312.73,47236500
2014-10-05,248.22,293.27,83308096
2014-10-06,259.6,296.13,79011800
2014-10-07,274.97,291.07,49199900
2014-10-08,280.73,304.04,54736300
2014-10-09,298.32,328.38,83641104
2014-10-10,302.84,321.81,43665700
2014-10-11,305.41,315.05,13345200
2014-10-12,305.57,325.55,17552800
2014-10-13,316.51,340.82,35221400
2014-10-14,335.76,353.24,38491500
2014-10-15,333.56,345.11,25267100
2014-10-16,320.09,342.18,26990000
2014-10-17,322.08,330.74,13600700
2014-10-18,325.16,339.05,11416800
2014-10-19,331.58,338.0,5914570
2014-10-20,324.54,334.69,16419000
2014-10-21,326.76,336.89,14188900
2014-10-22,327.97,333.4,11641300
2014-10-23,305.83,330.37,26456900
2014-10-24,303.14,312.61,15585700
2014-10-25,294.19,308.76,18127500
2014-10-26,295.09,308.21,11272500
2014-10-27,300.14,307.71,13033000
2014-10-28,302.6,308.87,7845880
2014-10-29,287.72,307.02,18192700
2014-10-30,287.49,301.08,30177900
2014-10-31,289.27,298.62,12545400
2014-11-01,275.47,292.17,16677200
2014-11-02,275.1,282.33,8603620
2014-11-03,279.26,286.57,12948500
2014-11-04,278.92,284.66,15655500
2014-11-05,283.73,294.61,19817200
2014-11-06,290.37,302.85,18797000
2014-11-07,293.24,302.64,16834200
2014-11-08,293.57,297.75,8535470
2014-11-09,295.37,311.99,24205600
2014-11-10,306.79,321.59,30450100
2014-11-11,312.08,318.58,15838900
2014-11-12,315.73,368.7,45783200
2014-11-13,344.16,392.19,58945000
2014-11-14,330.15,359.72,29589200
2014-11-15,318.33,347.94,15727500
2014-11-16,321.41,335.31,11905600
2014-11-17,323.9,351.95,41518800
2014-11-18,318.42,336.68,32222500
2014-11-19,320.8,331.6,18931800
2014-11-20,306.12,327.78,25233200
2014-11-21,295.25,307.06,29850100
2014-11-22,301.05,313.03,15273000
2014-11-23,303.02,318.19,15151600
2014-11-24,314.6,332.23,30930100
2014-11-25,321.56,338.65,25442200
2014-11-26,313.87,324.07,18601700
2014-11-27,315.99,320.89,8748030
2014-11-28,307.55,328.48,22946500
2014-11-29,319.3,332.56,15375600
2014-11-30,320.3,328.21,9194440
2014-12-01,323.18,329.18,11763000
2014-12-02,324.21,329.5,12364100
2014-12-03,321.19,328.64,13340100
2014-12-04,315.54,324.89,14529600
2014-12-05,313.82,325.35,15181800
2014-12-06,318.27,324.71,7009320
2014-12-07,320.27,322.86,6491650
2014-12-08,310.5,322.63,18898700
2014-12-09,295.97,311.51,32915500
2014-12-10,297.18,302.35,16427700
2014-12-11,290.66,310.04,32431300
2014-12-12,299.69,302.86,16989800
2014-12-13,297.37,302.34,11675900
2014-12-14,296.37,303.15,12415200
2014-12-15,295.95,301.86,17264200
2014-12-16,280.62,296.75,30864900
2014-12-17,270.4,286.53,37567900
2014-12-18,261.03,277.74,39173000
2014-12-19,263.21,273.3,23823100
2014-12-20,271.17,283.42,20856700
2014-12-21,273.62,282.82,15207600
2014-12-22,274.92,286.67,22315100
2014-12-23,282.8,288.53,16574200
2014-12-24,275.72,287.21,15092300
2014-12-25,271.95,276.85,9883640
2014-12-26,271.67,284.36,16410500
2014-12-27,268.24,282.21,15185200
2014-12-28,266.91,274.58,11676600
2014-12-29,267.96,274.79,12302500
2014-12-30,265.44,270.11,12528300
2014-12-31,266.16,274.73,13942900
2015-01-01,269.41,274.93,8036550
2015-01-02,269.04,270.99,7860650
2015-01-03,241.17,270.4,33054400
2015-01-04,221.03,246.44,55629100
2015-01-05,227.44,238.82,43962800
2015-01-06,233.97,246.72,23245700
2015-01-07,242.88,256.33,24866800
2015-01-08,242.11,252.37,19982500
2015-01-09,240.7,249.78,18718600
2015-01-10,235.06,247.21,15264300
2015-01-11,227.4,239.93,18200800
2015-01-12,227.54,233.55,18880300
2015-01-13,188.68,230.18,72843904
2015-01-14,147.16,192.1,97638704
2015-01-15,151.78,196.54,81773504
2015-01-16,171.4,190.13,38421000
2015-01-17,167.2,181.67,23469700
2015-01-18,166.89,187.64,30085100
2015-01-19,177.88,185.95,18658300
2015-01-20,176.02,184.68,24051100
2015-01-21,181.22,195.44,29924600
2015-01-22,194.28,203.36,33544600
2015-01-23,193.22,201.5,24621700
2015-01-24,197.36,212.96,24782500
2015-01-25,209.26,218.85,33582700
2015-01-26,218.0,265.45,106794000
2015-01-27,215.06,236.36,44399000
2015-01-28,194.81,228.69,44352200
2015-01-29,189.37,204.81,32213400
2015-01-30,193.77,208.37,26605200
2015-01-31,185.59,200.35,23348200
2015-02-01,181.91,198.69,29128500
2015-02-02,191.04,207.79,30612100
2015-02-03,192.61,211.03,40783700
2015-02-04,189.72,197.39,26594300
2015-02-05,184.23,205.41,22516400
2015-02-06,185.53,197.78,24435300
2015-02-07,191.0,197.6,21604200
2015-02-08,189.68,196.86,17145200
2015-02-09,186.2,192.17,27791300
2015-02-10,184.76,190.31,21115100
2015-02-11,187.11,191.68,17201900
2015-02-12,186.71,190.65,15206200
2015-02-13,189.84,206.14,42744400
2015-02-14,202.08,222.92,49732500
2015-02-15,195.35,227.89,56552400
2015-02-16,196.5,205.51,28153700
2015-02-17,199.33,210.88,27363100
2015-02-18,199.35,209.57,25200800
2015-02-19,202.14,208.21,18270500
2015-02-20,205.32,212.01,23876700
2015-02-21,208.65,219.06,12284200
2015-02-22,200.64,211.4,19527000
2015-02-23,199.42,206.01,16400000
2015-02-24,202.83,205.84,14200400
2015-02-25,202.08,205.35,11496200
2015-02-26,200.99,203.96,13619400
2015-02-27,202.86,220.21,44013900
2015-02-28,214.05,218.53,13949300
2015-03-01,211.01,224.5,25213700
2015-03-02,221.63,237.07,40465700
2015-03-03,230.08,245.21,50461300
2015-03-04,230.05,243.87,41383000
2015-03-05,227.17,241.67,41302400
2015-03-06,231.67,238.19,28918900
2015-03-07,231.77,238.4,17825900
2015-03-08,233.86,238.4,22067900
2015-03-09,235.0,251.14,59178200
2015-03-10,248.6,257.44,67770800
2015-03-11,249.26,255.16,33963900
2015-03-12,250.89,254.9,32585200
2015-03-13,244.82,252.68,31421500
2015-03-14,241.08,245.68,22612300
2015-03-15,241.09,245.84,11970100
2015-03-16,245.12,252.35,21516100
2015-03-17,243.99,250.85,21497200
2015-03-18,214.39,244.82,57008000
2015-03-19,213.33,226.72,52732000
2015-03-20,222.36,227.24,18456700
2015-03-21,219.35,224.96,17130100
2015-03-22,222.73,231.44,18438100
2015-03-23,224.58,237.92,22811900
2015-03-24,209.49,229.09,40073700
2015-03-25,202.93,213.81,35866900
2015-03-26,210.13,218.24,25730000
2015-03-27,210.39,220.34,17274900
2015-03-28,211.9,218.11,16040900
2015-03-29,206.65,217.19,21699400
2015-03-30,205.25,213.85,23009600
2015-03-31,208.27,213.41,22672000
2015-04-01,206.92,212.39,22877200
2015-04-02,210.57,218.33,26272600
2015-04-03,216.11,219.69,23146600
2015-04-04,215.44,219.01,12493500
2015-04-05,216.17,223.66,19649200
2015-04-06,218.43,224.62,20034200
2015-04-07,216.39,219.48,18467400
2015-04-08,209.54,217.8,30086400
2015-04-09,205.41,211.17,21643500
2015-04-10,199.72,209.09,28882000
2015-04-11,200.92,205.52,16365200
2015-04-12,200.34,203.97,12387900
2015-04-13,190.47,203.29,31181800
2015-04-14,185.61,193.03,31719000
2015-04-15,187.6,192.05,22562000
2015-04-16,192.12,197.06,24805400
2015-04-17,190.43,196.4,20429800
2015-04-18,189.51,192.46,12939000
2015-04-19,190.8,194.21,15021500
2015-04-20,190.46,194.21,18364700
2015-04-21,192.45,201.86,24978000
2015-04-22,200.32,204.13,23847900
2015-04-23,200.08,202.9,17036000
2015-04-24,197.28,202.75,21448700
2015-04-25,194.2,199.54,13957200
2015-04-26,184.36,194.72,28943700
2015-04-27,187.06,200.18,38574000
2015-04-28,191.39,196.91,21469200
2015-04-29,191.7,194.8,18936500
2015-04-30,193.04,205.55,33818600
2015-05-01,199.12,205.03,18815300
2015-05-02,199.35,202.25,12535500
2015-05-03,200.84,208.7,18494100
2015-05-04,204.04,208.18,21223400
2015-05-05,199.1,205.24,23929100
2015-05-06,196.68,202.88,29587200
2015-05-07,196.12,205.15,29064400
2015-05-08,202.72,211.3,27445500
2015-05-09,205.61,212.62,19790500
2015-05-10,204.93,209.41,15019100
2015-05-11,205.38,209.58,20892300
2015-05-12,206.01,208.39,19282600
2015-05-13,201.67,209.1,27180100
2015-05-14,200.82,204.03,24413700
2015-05-15,203.17,204.85,16329400
2015-05-16,201.88,203.94,11089700
2015-05-17,202.5,204.23,11134300
2015-05-18,199.45,203.53,16780300
2015-05-19,198.9,200.9,14241900
2015-05-20,198.92,201.36,15499400
2015-05-21,200.63,202.7,15108900
2015-05-22,201.68,206.75,27003000
2015-05-23,204.8,206.8,14605000
2015-05-24,204.9,207.62,11508000
2015-05-25,203.03,206.8,14423900
2015-05-26,202.22,204.41,16425000
2015-05-27,203.08,204.75,18837000
2015-05-28,203.05,204.05,13829600
2015-05-29,202.26,203.79,14805000
2015-05-30,199.1,203.43,14098600
2015-05-31,196.95,200.13,14730800
2015-06-01,189.87,198.81,26090500
2015-06-02,190.84,194.27,20459000
2015-06-03,192.13,195.11,17752400
2015-06-04,192.24,194.41,14728100
2015-06-05,191.49,193.88,18056500
2015-06-06,192.52,193.67,11131500
2015-06-07,191.04,194.07,13318400
2015-06-08,191.2,196.88,23378400
2015-06-09,195.56,198.16,28353100
2015-06-10,195.63,197.15,15904800
2015-06-11,196.28,197.59,14416000
2015-06-12,196.75,198.25,14017700
2015-06-13,196.66,199.62,13305300
2015-06-14,199.06,201.51,12165900
2015-06-15,200.28,204.06,19912100
2015-06-16,202.59,215.99,41612000
2015-06-17,211.48,220.38,43858400
2015-06-18,209.46,216.31,30980200
2015-06-19,209.17,215.34,23965300
2015-06-20,206.46,210.92,20608100
2015-06-21,207.53,210.4,10600900
2015-06-22,209.16,212.71,17692500
2015-06-23,208.61,212.19,15108700
2015-06-24,206.36,209.64,17344900
2015-06-25,206.23,208.78,16133100
2015-06-26,207.25,209.14,13983500
2015-06-27,208.59,215.65,20488600
2015-06-28,212.3,215.51,15137600
2015-06-29,213.28,220.65,34742900
2015-06-30,219.6,229.83,44533800
2015-07-01,219.45,227.52,27029800
2015-07-02,218.03,224.48,21551900
2015-07-03,217.51,220.57,19033800
2015-07-04,218.1,224.33,15620400
2015-07-05,221.97,235.53,44156100
2015-07-06,229.6,238.03,49154800
2015-07-07,227.23,232.81,28857600
2015-07-08,226.84,234.21,36980200
2015-07-09,229.16,233.66,40301200
2015-07-10,230.63,252.76,100390000
2015-07-11,243.27,256.12,41109900
2015-07-12,250.97,269.75,56405000
2015-07-13,241.11,266.79,62053900
2015-07-14,245.94,254.09,28727200
2015-07-15,244.85,251.61,27486600
2015-07-16,236.16,249.84,49482600
2015-07-17,233.41,240.48,27591400
2015-07-18,235.16,242.41,25187100
2015-07-19,233.82,236.53,15332500
2015-07-20,234.2,239.37,22711400
2015-07-21,236.31,240.71,22930700
2015-07-22,235.42,238.24,19389800
2015-07-23,236.56,238.62,18531300
2015-07-24,236.17,248.18,37199400
2015-07-25,245.39,249.45,20662200
2015-07-26,246.85,251.44,16032300
2015-07-27,246.63,255.49,30592000
2015-07-28,251.76,254.53,25453600
2015-07-29,247.77,252.71,24672600
2015-07-30,245.88,248.93,21635800
2015-07-31,242.25,247.93,23629100
2015-08-01,238.62,244.47,18995000
2015-08-02,238.12,242.84,17722200
2015-08-03,240.44,244.93,21474100
2015-08-04,241.29,245.14,21908700
2015-08-05,241.52,244.96,20128000
2015-08-06,238.87,241.88,18792100
2015-08-07,237.12,240.58,42484800
2015-08-08,223.69,240.18,58533000
2015-08-09,223.48,229.09,23789600
2015-08-10,225.31,229.11,20979400
2015-08-11,226.59,231.99,25433900
2015-08-12,227.77,232.24,26815400
2015-08-13,225.52,228.43,27685500
2015-08-14,224.35,229.49,27091200
2015-08-15,224.19,228.8,19321100
2015-08-16,220.54,225.17,29717000
2015-08-17,220.61,223.51,21617900
2015-08-18,181.11,221.36,42147200
2015-08-19,191.13,203.7,60869200
2015-08-20,194.68,203.66,32275000
2015-08-21,198.82,202.86,23173800
2015-08-22,191.08,201.59,23205900
2015-08-23,193.55,199.66,18406600
2015-08-24,180.56,195.74,59220700
2015-08-25,171.23,194.18,61089200
2015-08-26,188.94,198.36,31808000
2015-08-27,191.92,196.18,21905400
2015-08-28,189.55,201.82,31336600
2015-08-29,195.05,200.1,17142500
2015-08-30,194.12,199.11,19412600
2015-08-31,193.84,199.02,20710700
2015-09-01,194.65,198.38,20575200
2015-09-02,194.32,197.84,18760400
2015-09-03,194.48,197.0,17482000
2015-09-04,194.81,198.11,20962400
2015-09-05,196.86,202.61,20671400
2015-09-06,201.36,208.42,25473700
2015-09-07,204.82,207.73,21192200
2015-09-08,205.64,210.88,26879200
2015-09-09,204.05,209.71,23635700
2015-09-10,202.31,207.03,21215500
2015-09-11,204.49,206.92,19224700
2015-09-12,201.42,206.03,17962600
2015-09-13,196.77,202.43,18478800
2015-09-14,195.59,199.43,20997800
2015-09-15,197.19,222.38,19177800
2015-09-16,195.11,198.38,20144200
2015-09-17,196.42,197.58,18935400
2015-09-18,199.21,201.08,20242200
2015-09-19,198.27,200.09,12712600
2015-09-20,198.12,199.37,14444700
2015-09-21,194.36,198.38,19678800
2015-09-22,193.15,199.39,25009300
2015-09-23,196.99,198.91,17254100
2015-09-24,197.59,202.19,25097800
2015-09-25,200.5,203.71,22363600
2015-09-26,200.22,201.98,13724100
2015-09-27,199.46,201.22,14179900
2015-09-28,199.46,205.35,24713000
2015-09-29,202.43,205.75,22691300
2015-09-30,202.17,203.98,19743500
2015-10-01,202.16,204.59,20488800
2015-10-02,203.01,204.67,19677900
2015-10-03,203.3,205.33,16482700
2015-10-04,204.15,205.03,12999000
2015-10-05,203.38,206.25,23335900
2015-10-06,206.04,211.87,27535100
2015-10-07,208.14,211.65,22999200
2015-10-08,207.79,209.57,18515300
2015-10-09,207.74,209.55,17353100
2015-10-10,208.56,210.48,15912700
2015-10-11,209.48,212.13,16827300
2015-10-12,210.36,212.32,17388300
2015-10-13,209.14,214.7,28198500
2015-10-14,213.56,218.17,27462600
2015-10-15,216.26,219.62,25223500
2015-10-16,217.87,228.34,35901500
2015-10-17,225.11,234.73,43199600
2015-10-18,223.75,233.09,22434300
2015-10-19,223.9,227.22,25258800
2015-10-20,225.85,232.38,30889800
2015-10-21,226.37,232.32,25637300
2015-10-22,228.34,237.25,37808600
2015-10-23,234.7,239.11,29442500
2015-10-24,237.24,241.7,25942400
2015-10-25,241.48,252.3,45717100
2015-10-26,240.68,244.79,32108800
2015-10-27,244.54,254.15,46331800
2015-10-28,252.0,262.83,50808100
2015-10-29,258.96,272.99,64495900
2015-10-30,269.36,286.72,78305000
2015-10-31,265.34,285.52,48598100
2015-11-01,267.59,280.97,37001100
2015-11-02,277.31,313.48,101918000
2015-11-03,306.86,358.56,206162000
2015-11-04,326.51,425.19,263900000
2015-11-05,321.39,384.01,151824992
2015-11-06,303.75,339.63,122687000
2015-11-07,319.55,335.12,56625100
2015-11-08,316.34,334.53,51817600
2015-11-09,311.36,330.57,68224400
2015-11-10,282.37,327.23,95797904
2015-11-11,258.26,292.22,107070000
2015-11-12,268.86,296.08,78477800
2015-11-13,279.77,292.5,52003000
2015-11-14,283.11,290.16,38612000
2015-11-15,272.41,287.14,44213100
2015-11-16,271.05,284.54,47980100
2015-11-17,282.81,290.3,51001600
2015-11-18,283.69,288.74,43783800
2015-11-19,279.08,287.72,45011100
2015-11-20,267.88,280.11,53152900
2015-11-21,274.21,281.56,28200500
2015-11-22,275.64,280.57,23439400
2015-11-23,275.67,278.95,27478900
2015-11-24,272.95,277.18,29362600
2015-11-25,271.79,282.4,41666900
2015-11-26,281.62,314.68,106105000
2015-11-27,298.47,311.96,55179100
2015-11-28,302.16,308.48,36816600
2015-11-29,305.16,319.12,40409300
2015-11-30,317.79,328.07,71701600
2015-12-01,305.93,325.12,60452200
2015-12-02,299.84,310.8,54160500
2015-12-03,306.66,317.7,50714900
2015-12-04,305.24,311.9,35784100
2015-12-05,311.65,334.44,66282200
2015-12-06,332.12,345.61,77762000
2015-12-07,330.68,343.17,63455800
2015-12-08,334.58,356.55,57801400
2015-12-09,348.6,363.04,90917200
2015-12-10,353.11,359.94,52138900
2015-12-11,356.31,387.76,110944000
2015-12-12,352.42,402.49,131969000
2015-12-13,365.74,378.96,55050600
2015-12-14,369.33,383.65,130496000
2015-12-15,380.85,399.25,83121104
2015-12-16,380.82,399.15,107944000
2015-12-17,385.12,392.84,47978400
2015-12-18,390.34,399.12,60220100
2015-12-19,391.9,399.47,47892700
2015-12-20,372.66,396.95,75409400
2015-12-21,366.63,381.58,77639696
2015-12-22,373.67,380.68,50840400
2015-12-23,374.62,381.41,47161400
2015-12-24,380.16,393.36,57157200
2015-12-25,387.88,393.23,39078500
2015-12-26,348.14,392.53,116166000
2015-12-27,350.82,363.8,53591200
2015-12-28,359.06,368.74,49638600
2015-12-29,360.9,371.5,51596500
2015-12-30,362.15,372.7,46889400
2015-12-31,359.27,371.45,45996600
2016-01-01,366.81,374.3,36278900
2016-01-02,370.54,374.14,30096600
2016-01-03,364.4,372.15,39633800
2016-01-04,368.15,372.82,38477500
2016-01-05,368.66,372.53,34522600
2016-01-06,365.8,370.53,34042500
2016-01-07,368.15,393.62,87562200
2016-01-08,384.33,397.2,56993000
2016-01-09,383.43,390.08,32278000
2016-01-10,377.82,384.65,35995900
2016-01-11,380.83,386.67,40450000
2016-01-12,373.82,384.54,115607000
2016-01-13,364.17,373.39,173888000
2016-01-14,367.09,371.79,43945500
2016-01-15,312.6,369.16,153351008
2016-01-16,304.52,335.1,120352000
2016-01-17,326.12,335.45,45319600
2016-01-18,323.18,332.99,54403900
2016-01-19,325.16,332.67,46819800
2016-01-20,323.12,364.88,121720000
2016-01-21,348.61,362.83,68338000
2016-01-22,321.99,352.13,91546600
2016-01-23,327.74,338.52,56247400
2016-01-24,332.48,347.91,54824800
2016-01-25,333.38,345.19,59062400
2016-01-26,335.11,341.28,58147000
2016-01-27,336.15,340.49,47424400
2016-01-28,325.81,339.34,59247900
2016-01-29,313.56,329.8,86125296
2016-01-30,323.03,326.83,30284400
2016-01-31,315.6,326.34,37894300
2016-02-01,315.71,324.39,51656700
2016-02-02,319.97,322.51,40378700
2016-02-03,315.78,321.71,45933400
2016-02-04,317.45,336.0,69285504
2016-02-05,330.82,335.56,43825000
2016-02-06,319.51,331.73,49249300
2016-02-07,321.67,326.79,37076300
2016-02-08,320.32,325.94,47671100
2016-02-09,319.95,323.68,55318500
2016-02-10,322.42,330.74,85130896
2016-02-11,322.95,328.73,74375600
2016-02-12,325.7,330.29,67042800
2016-02-13,330.02,336.22,61911700
2016-02-14,337.14,349.4,74469800
2016-02-15,341.27,352.11,74070496
2016-02-16,344.43,350.88,73093104
2016-02-17,349.02,361.36,83193600
2016-02-18,356.62,365.5,76752600
2016-02-19,358.3,363.02,55711300
2016-02-20,361.73,379.22,93992096
2016-02-21,368.15,384.42,89820704
2016-02-22,371.44,376.7,85385200
2016-02-23,358.49,377.4,85244896
2016-02-24,355.13,365.12,67743696
2016-02-25,360.72,366.98,70798000
2016-02-26,361.75,370.79,61486000
2016-02-27,367.31,372.57,41893600
2016-02-28,363.64,373.82,53033400
2016-02-29,370.39,378.81,60694700
2016-03-01,370.93,377.22,74895800
2016-03-02,363.78,374.02,74955296
2016-03-03,359.86,364.97,100484000
2016-03-04,352.59,364.8,90856096
2016-03-05,338.08,352.86,135384992
2016-03-06,339.58,353.42,91212496
2016-03-07,348.61,356.86,85762400
2016-03-08,352.72,357.14,70311696
2016-03-09,353.16,356.96,70012304
2016-03-10,354.57,358.23,81022896
2016-03-11,357.8,363.73,73969696
2016-03-12,351.86,361.9,92712896
2016-03-13,353.19,357.45,74322800
2016-03-14,355.38,357.52,95259400
2016-03-15,356.06,358.76,66781700
2016-03-16,356.85,358.37,65185800
2016-03-17,358.55,361.22,83528600
2016-03-18,348.47,360.83,104940000
2016-03-19,349.4,352.62,58423000
2016-03-20,352.12,355.75,45947900
2016-03-21,352.11,354.71,61655400
2016-03-22,353.95,358.97,66813300
2016-03-23,358.1,359.73,61444200
2016-03-24,356.49,359.23,68346704
2016-03-25,356.55,358.71,52560000
2016-03-26,357.15,359.49,44650400
2016-03-27,358.4,367.91,71229400
2016-03-28,363.19,366.24,68522800
2016-03-29,354.08,365.68,75411504
2016-03-30,353.92,357.64,66034100
2016-03-31,356.29,358.96,60215200
2016-04-01,356.78,358.79,51235700
2016-04-02,359.01,362.15,45681200
2016-04-03,360.1,361.72,38053700
2016-04-04,360.02,362.37,50634300
2016-04-05,360.89,364.01,60718000
2016-04-06,362.7,364.24,59091000
2016-04-07,360.8,363.5,57858600
2016-04-08,360.05,364.96,63454700
2016-04-09,357.37,361.12,49792700
2016-04-10,359.72,362.45,73478600
2016-04-11,360.82,362.71,50747500
2016-04-12,362.8,366.6,70728800
2016-04-13,362.86,366.07,69060400
2016-04-14,362.95,364.97,45281000
2016-04-15,364.16,368.88,54801500
2016-04-16,368.07,371.19,39392800
2016-04-17,365.58,370.12,52125900
2016-04-18,366.44,368.32,55670900
2016-04-19,367.31,374.11,52810500
2016-04-20,372.72,380.14,72890096
2016-04-21,378.34,386.57,68204704
2016-04-22,381.08,385.94,58804400
2016-04-23,381.24,386.34,50485400
2016-04-24,385.18,394.81,68198400
2016-04-25,389.18,400.36,87091800
2016-04-26,396.07,401.51,78971904
2016-04-27,381.07,400.75,93564896
2016-04-28,374.65,385.72,74064704
2016-04-29,382.68,390.72,49258500
2016-04-30,384.12,390.89,69322600
2016-05-01,384.32,388.23,40660100
2016-05-02,379.04,388.2,92127000
2016-05-03,379.77,387.04,59366400
2016-05-04,382.35,386.42,50407300
2016-05-05,382.57,384.82,50440800
2016-05-06,383.58,395.86,72796800
2016-05-07,392.38,395.26,38364500
2016-05-08,391.23,394.18,40315000
2016-05-09,391.7,396.81,55493100
2016-05-10,385.2,396.34,58956100
2016-05-11,386.84,390.03,50605200
2016-05-12,385.46,390.35,59849300
2016-05-13,389.06,392.15,60845000
2016-05-14,390.21,391.97,37209000
2016-05-15,390.78,393.56,28514000
2016-05-16,388.63,393.14,59171500
2016-05-17,389.19,390.45,64100300
2016-05-18,388.93,391.25,86850096
2016-05-19,376.42,390.08,96027400
2016-05-20,375.28,381.0,81987904
2016-05-21,378.98,380.76,42762300
2016-05-22,376.69,380.46,39657600
2016-05-23,376.51,381.25,50582500
2016-05-24,380.89,383.61,65783100
2016-05-25,382.72,386.36,65231000
2016-05-26,384.3,389.23,65203800
2016-05-27,389.12,410.25,164780992
2016-05-28,405.58,457.72,181199008
2016-05-29,439.45,475.3,148736992
2016-05-30,448.7,467.05,87958704
2016-05-31,446.73,469.0,138450000
2016-06-01,451.0,465.96,86061800
2016-06-02,457.38,463.62,60378200
2016-06-03,460.68,493.04,122020000
2016-06-04,484.12,506.33,94925296
2016-06-05,488.36,500.05,68874096
2016-06-06,493.01,503.19,72138896
2016-06-07,486.93,506.44,107770000
2016-06-08,491.75,500.08,80265800
2016-06-09,489.88,499.53,71301000
2016-06-10,491.91,496.89,66991900
2016-06-11,496.5,520.91,82357000
2016-06-12,520.84,587.6,277084992
2016-06-13,570.13,614.33,243295008
2016-06-14,568.69,604.47,186694000
2016-06-15,577.06,597.43,99223800
2016-06-16,597.62,663.85,271633984
2016-06-17,614.81,665.26,363320992
2016-06-18,629.71,667.52,252718000
2016-06-19,639.75,657.76,136184992
2016-06-20,628.68,655.58,174511008
2016-06-21,548.32,631.39,309944000
2016-06-22,504.06,582.3,266392992
2016-06-23,478.88,539.96,253462000
2016-06-24,536.48,584.92,224316992
2016-06-25,554.75,593.51,126656000
2016-06-26,529.33,571.41,109225000
2016-06-27,532.41,562.23,122134000
2016-06-28,547.21,565.64,138384992
2016-06-29,539.07,553.14,142456000
2016-06-30,546.21,579.5,138980000
2016-07-01,574.51,588.72,134431008
2016-07-02,580.35,603.78,112354000
2016-07-03,556.85,604.86,129512000
2016-07-04,558.14,586.58,92008400
2016-07-05,570.63,586.44,130476000
2016-07-06,575.22,585.07,134960992
2016-07-07,524.95,585.53,258091008
2016-07-08,546.09,572.04,141970000
2016-07-09,543.46,571.76,180536000
2016-07-10,550.21,559.67,102532000
2016-07-11,553.39,565.96,107910000
2016-07-12,554.94,579.37,138172992
2016-07-13,561.53,573.75,131449000
2016-07-14,560.21,568.77,98511400
2016-07-15,565.46,572.35,81673104
2016-07-16,565.71,571.82,50330200
2016-07-17,567.99,585.47,74407904
2016-07-18,573.68,584.77,69465000
2016-07-19,572.83,577.67,61203300
2016-07-20,569.16,577.37,94636400
2016-07-21,566.64,571.62,60491800
2016-07-22,554.89,571.93,134169000
2016-07-23,556.43,563.16,69532200
2016-07-24,560.1,568.95,118184000
2016-07-25,560.61,567.85,78176496
2016-07-26,554.16,563.04,225135008
2016-07-27,556.37,564.1,147460992
2016-07-28,561.55,564.22,86428400
2016-07-29,561.81,564.39,60703500
2016-07-30,561.31,564.76,38456100
2016-07-31,535.71,562.24,110818000
2016-08-01,519.85,537.21,121887000
2016-08-02,455.89,525.82,330932992
2016-08-03,464.65,491.94,207982000
2016-08-04,485.44,497.21,125292000
2016-08-05,489.05,496.17,66127900
2016-08-06,488.6,504.84,80797296
2016-08-07,503.49,512.67,82398400
2016-08-08,504.54,508.79,61194100
2016-08-09,501.75,507.16,92228096
2016-08-10,503.11,514.79,102905000
2016-08-11,505.47,512.69,74514400
2016-08-12,500.91,506.14,69218000
2016-08-13,501.91,506.03,43563000
2016-08-14,484.58,502.5,60851100
2016-08-15,483.26,492.13,57262300
2016-08-16,486.24,499.13,58405200
2016-08-17,490.29,498.41,54443000
2016-08-18,492.0,495.75,59896600
2016-08-19,492.65,496.13,50631600
2016-08-20,493.74,500.06,45301400
2016-08-21,497.83,501.21,38299400
2016-08-22,498.15,504.89,72844000
2016-08-23,499.04,505.77,85349200
2016-08-24,497.52,500.72,56328200
2016-08-25,493.49,498.03,136130000
2016-08-26,494.94,498.18,48856800
2016-08-27,487.89,497.51,59698300
2016-08-28,488.84,492.53,86301600
2016-08-29,492.03,494.45,110398000
2016-08-30,492.59,496.23,70342400
2016-08-31,492.19,495.81,75840896
2016-09-01,490.62,494.48,76923400
2016-09-02,489.76,493.9,79910800
2016-09-03,492.54,514.37,159014000
2016-09-04,512.1,524.96,97942896
2016-09-05,516.72,522.57,82446800
2016-09-06,519.17,524.09,78529104
2016-09-07,522.1,527.28,75032400
2016-09-08,526.68,539.49,86713000
2016-09-09,532.19,537.82,64550200
2016-09-10,534.02,536.33,45016800
2016-09-11,515.23,539.53,73610800
2016-09-12,519.44,522.06,72812304
2016-09-13,520.74,524.4,86920600
2016-09-14,522.02,525.06,47877700
2016-09-15,520.94,524.31,59464600
2016-09-16,520.58,522.75,64963400
2016-09-17,519.26,521.54,37140300
2016-09-18,519.82,523.52,48679400
2016-09-19,521.9,524.18,54796400
2016-09-20,521.61,522.97,72710896
2016-09-21,511.27,517.88,82776200
2016-09-22,511.55,513.5,67085300
2016-09-23,511.18,517.55,51067000
2016-09-24,516.56,518.73,35359500
2016-09-25,514.55,517.7,33977800
2016-09-26,515.1,521.79,59153800
2016-09-27,518.33,521.88,49422400
2016-09-28,518.75,520.45,48722600
2016-09-29,518.96,520.66,55658600
2016-09-30,518.35,523.15,56122400
2016-10-01,523.32,527.87,56357000
2016-10-02,523.11,526.82,39249800
2016-10-03,523.77,525.58,46798300
2016-10-04,522.93,525.14,49801600
2016-10-05,523.05,526.65,68077504
2016-10-06,524.64,526.66,56812100
2016-10-07,524.94,530.17,64071400
2016-10-08,529.68,531.83,42345900
2016-10-09,529.05,531.27,39243400
2016-10-10,528.7,533.09,67481104
2016-10-11,530.67,550.91,103590000
2016-10-12,545.66,550.27,92370200
2016-10-13,544.86,548.12,61620700
2016-10-14,546.55,550.22,58144600
2016-10-15,546.88,550.92,39035400
2016-10-16,548.18,551.61,40298100
2016-10-17,547.97,551.12,58063600
2016-10-18,545.69,549.75,65546700
2016-10-19,538.84,548.15,69381696
2016-10-20,539.05,542.19,56957300
2016-10-21,541.14,544.05,55951000
2016-10-22,542.99,564.73,78556496
2016-10-23,561.03,567.25,54474600
2016-10-24,559.93,563.92,62218200
2016-10-25,560.87,570.08,90378800
2016-10-26,564.29,583.21,88877104
2016-10-27,581.76,590.81,96105296
2016-10-28,587.01,592.4,81145504
2016-10-29,592.07,618.11,134760992
2016-10-30,597.58,612.71,100665000
2016-10-31,593.46,608.57,97064400
2016-11-01,601.75,631.88,130527000
2016-11-02,619.78,635.63,84865200
2016-11-03,581.86,639.87,172808000
2016-11-04,588.21,606.55,99907696
2016-11-05,598.66,607.04,53752300
2016-11-06,600.22,612.83,59902200
2016-11-07,600.52,609.81,65047100
2016-11-08,602.65,611.74,79660800
2016-11-09,607.99,634.96,132429000
2016-11-10,610.22,620.35,68807800
2016-11-11,612.96,616.32,63119700
2016-11-12,604.06,615.31,64622500
2016-11-13,589.72,605.11,80318096
2016-11-14,600.44,605.99,62993000
2016-11-15,605.11,614.09,72038496
2016-11-16,608.36,641.45,141294000
2016-11-17,634.5,648.34,108579000
2016-11-18,632.25,645.97,87363104
2016-11-19,638.75,648.85,110608000
2016-11-20,616.0,648.2,154116000
2016-11-21,626.78,636.4,60802400
2016-11-22,631.94,646.82,129906000
2016-11-23,634.0,645.43,76543800
2016-11-24,629.34,640.78,85919296
2016-11-25,630.28,636.34,67807600
2016-11-26,626.02,636.82,54962700
2016-11-27,627.27,634.08,52601800
2016-11-28,628.47,633.21,61888600
2016-11-29,630.25,632.75,68511104
2016-11-30,631.72,641.72,84070800
2016-12-01,640.11,650.6,80461904
2016-12-02,649.97,670.35,127605000
2016-12-03,656.25,667.74,69547296
2016-12-04,659.08,663.98,60557900
2016-12-05,644.97,663.64,106363000
2016-12-06,650.98,656.9,116218000
2016-12-07,651.87,661.98,96426096
2016-12-08,657.18,664.69,80111904
2016-12-09,660.36,664.55,68705296
2016-12-10,663.16,666.75,53843100
2016-12-11,656.72,664.78,57313400
2016-12-12,660.69,670.89,76571000
2016-12-13,667.49,676.5,81645600
2016-12-14,666.53,670.99,75979000
2016-12-15,667.35,670.47,81580096
2016-12-16,668.35,673.56,83608200
2016-12-17,673.41,679.97,78989800
2016-12-18,676.13,681.89,60524400
2016-12-19,678.1,680.92,74886400
2016-12-20,679.11,687.55,99629296
2016-12-21,685.89,715.81,155576000
2016-12-22,715.7,751.42,200027008
2016-12-23,741.89,793.75,275564000
2016-12-24,760.48,792.35,137727008
2016-12-25,739.96,771.9,143664992
2016-12-26,769.54,783.51,123771000
2016-12-27,775.85,806.56,167308000
2016-12-28,802.09,837.34,236630000
2016-12-29,818.96,840.32,199320000
2016-12-30,802.09,834.44,187474000
2016-12-31,812.73,826.89,99135104
2017-01-01,822.56,860.64,147775008
2017-01-02,855.17,884.93,222184992
2017-01-03,876.53,895.82,185168000
2017-01-04,896.1,994.78,344945984
2017-01-05,781.14,1021.96,510199008
2017-01-06,758.42,898.16,351876000
2017-01-07,706.61,779.57,279550016
2017-01-08,761.26,808.86,158715008
2017-01-09,754.88,783.94,141876992
2017-01-10,773.11,784.96,115808000
2017-01-11,654.45,788.89,310928992
2017-01-12,648.44,708.92,222326000
2017-01-13,669.24,711.28,168968000
2017-01-14,697.09,716.5,93063296
2017-01-15,697.44,706.4,71013600
2017-01-16,703.79,716.03,82755200
2017-01-17,712.82,781.26,155095008
2017-01-18,736.43,787.21,225676992
2017-01-19,758.76,776.16,105625000
2017-01-20,761.05,771.68,86728400
2017-01-21,768.37,795.68,111158000
2017-01-22,770.11,804.4,116573000
2017-01-23,786.56,796.45,73588600
2017-01-24,765.58,792.92,111349000
2017-01-25,765.07,774.99,120831000
2017-01-26,774.11,788.78,131958000
2017-01-27,785.8,792.13,125594000
2017-01-28,789.2,792.72,68979600
2017-01-29,788.63,792.29,60851700
2017-01-30,788.91,791.98,78227296
2017-01-31,790.18,833.99,164582000
2017-02-01,832.9,848.66,150110000
2017-02-02,843.6,869.6,145820992
2017-02-03,865.54,887.06,201278000
2017-02-04,871.01,897.38,155064000
2017-02-05,877.19,895.44,114208000
2017-02-06,882.16,896.3,111762000
2017-02-07,892.44,911.14,146007008
2017-02-08,890.17,925.76,201855008
2017-02-09,817.97,934.35,407220000
2017-02-10,812.26,857.06,190452000
2017-02-11,843.27,865.97,102261000
2017-02-12,855.36,862.08,67530000
2017-02-13,837.41,859.8,100607000
2017-02-14,846.39,867.88,137946000
2017-02-15,859.36,865.59,89759400
2017-02-16,864.56,886.63,122277000
2017-02-17,880.0,903.62,136474000
2017-02-18,898.29,910.42,99073504
2017-02-19,895.29,906.74,77423296
2017-02-20,893.77,927.06,109478000
2017-02-21,924.01,958.6,186868992
2017-02-22,944.27,965.59,136100000
2017-02-23,958.35,1009.54,189454000
2017-02-24,971.22,1029.94,330759008
2017-02-25,964.9,1008.02,139960992
2017-02-26,969.71,1001.69,116486000
2017-02-27,998.18,1014.14,131570000
2017-02-28,1005.42,1023.81,184956000
2017-03-01,1012.17,1048.91,229056992
2017-03-02,1043.0,1082.91,368275008
2017-03-03,1073.11,1098.51,315739008
2017-03-04,1055.78,1097.73,183270000
2017-03-05,1062.26,1087.34,134127000
2017-03-06,1085.03,1094.81,153656992
2017-03-07,1033.72,1094.42,291256000
2017-03-08,985.05,1057.19,332603008
2017-03-09,979.18,1027.42,212283008
2017-03-10,924.28,1090.06,563795968
2017-03-11,957.8,1024.31,283320000
2017-03-12,1008.46,1052.75,227176000
2017-03-13,1044.21,1061.66,380276992
2017-03-14,1047.38,1068.05,245306000
2017-03-15,1063.71,1073.88,297804992
2017-03-16,988.79,1079.35,638568000
2017-03-17,943.43,1012.58,706598976
2017-03-18,821.67,955.87,621302016
2017-03-19,838.04,917.98,406648000
2017-03-20,889.47,912.08,286529984
2017-03-21,905.5,963.05,337391008
2017-03-22,870.19,961.52,380840992
2017-03-23,882.82,907.77,248540000
2017-03-24,801.68,892.72,491038016
2017-03-25,775.39,837.2,435803008
2017-03-26,818.69,864.83,303668000
2017-03-27,833.96,897.81,372535008
2017-03-28,881.79,913.47,326332000
2017-03-29,871.63,905.3,298457984
2017-03-30,875.2,900.29,352968992
2017-03-31,880.86,922.28,447287008
2017-04-01,910.42,936.7,289633984
2017-04-02,922.74,950.31,514187008
2017-04-03,946.33,988.19,580444032
2017-04-04,961.41,992.23,436310016
2017-04-05,955.5,973.91,414784000
2017-04-06,965.95,1019.62,511222016
2017-04-07,998.19,1018.09,317022016
2017-04-08,997.49,1016.71,209312000
2017-04-09,1005.46,1027.21,242343008
2017-04-10,1011.62,1021.31,215883008
2017-04-11,1018.84,1036.53,216182000
2017-04-12,1026.82,1035.73,288702016
2017-04-13,992.23,1034.65,351968992
2017-04-14,995.1,1021.71,254827008
2017-04-15,999.54,1019.31,203559008
2017-04-16,1006.1,1018.64,183231008
2017-04-17,1006.13,1025.23,253206000
2017-04-18,1024.26,1044.68,270524000
2017-04-19,1033.96,1042.91,288060992
2017-04-20,1036.82,1064.6,315108000
2017-04-21,1042.95,1060.44,272167008
2017-04-22,1036.87,1060.11,249320000
2017-04-23,1032.98,1057.23,258951008
2017-04-24,1037.86,1073.31,235806000
2017-04-25,1072.48,1087.58,242556000
2017-04-26,1086.17,1110.97,329631008
2017-04-27,1099.36,1132.3,449196992
2017-04-28,1108.85,1142.24,527488992
2017-04-29,1128.45,1138.74,422705984
2017-04-30,1128.2,1156.51,413115008
2017-05-01,1156.84,1230.65,713624000
2017-05-02,1214.66,1264.61,477337984
2017-05-03,1241.95,1280.8,583795968
2017-05-04,1279.04,1380.45,933548992
2017-05-05,1313.01,1388.27,946035968
2017-05-06,1323.47,1354.61,582529984
2017-05-07,1338.28,1369.99,1080029952
2017-05-08,1370.16,1478.64,1340320000
2017-05-09,1472.59,1573.14,1167920000
2017-05-10,1474.99,1534.48,915723008
2017-05-11,1506.09,1607.83,799489984
2017-05-12,1453.46,1592.58,740984000
2017-05-13,1416.63,1555.55,579635008
2017-05-14,1524.34,1571.36,437196000
2017-05-15,1465.93,1555.38,731529024
2017-05-16,1447.05,1532.34,959044992
2017-05-17,1425.92,1599.36,1064729984
2017-05-18,1550.51,1634.05,894321024
2017-05-19,1621.84,1719.88,1157289984
2017-05-20,1694.48,1788.7,961336000
2017-05-21,1748.18,1818.17,1147859968
2017-05-22,1731.33,1976.75,1942220032
2017-05-23,1869.15,1991.27,1378749952
2017-05-24,1991.74,2165.35,1725379968
2017-05-25,1960.79,2371.27,2406700032
2017-05-26,1777.77,2208.31,1763480064
2017-05-27,1592.3,1939.25,1700480000
2017-05-28,1762.4,1945.38,1147139968
2017-05-29,1807.95,1979.45,994625024
2017-05-30,1822.88,1975.08,1443970048
2017-05-31,1840.9,1982.91,1544829952
2017-06-01,1963.39,2100.72,1653180032
2017-06-02,2036.31,2135.18,1317030016
2017-06-03,2079.43,2215.28,1514950016
2017-06-04,2104.28,2218.7,1355120000
2017-06-05,2153.77,2305.29,1369309952
2017-06-06,2308.74,2573.93,2089609984
2017-06-07,2317.08,2461.93,1517709952
2017-06-08,2291.68,2415.53,1281170048
2017-06-09,2398.64,2489.67,1348950016
2017-06-10,2356.54,2531.95,2018889984
2017-06-11,2437.18,2571.09,1752400000
2017-06-12,2160.93,2571.65,2569530112
2017-06-13,2274.03,2393.0,1781200000
2017-06-14,2070.3,2391.1,1696560000
2017-06-15,1898.72,2174.78,2026259968
2017-06-16,2046.46,2179.25,1195190016
2017-06-17,2132.1,2303.9,1534509952
2017-06-18,2159.01,2284.08,1178659968
2017-06-19,2187.07,2284.73,1446840064
2017-06-20,2222.07,2371.04,1854189952
2017-06-21,2282.63,2378.39,1626579968
2017-06-22,2267.15,2336.97,1097939968
2017-06-23,2322.07,2372.52,961318976
2017-06-24,2216.38,2366.31,982750016
2017-06-25,2189.72,2301.38,1161100032
2017-06-26,2038.86,2243.89,1663280000
2017-06-27,2001.71,2190.0,1489789952
2017-06-28,2131.63,2234.22,1183869952
2017-06-29,2153.99,2221.22,949979008
2017-06-30,2126.5,2195.84,860273024
2017-07-01,2075.7,2158.1,779913984
2017-07-02,2054.77,2157.25,803747008
2017-07-03,2128.25,2226.51,964112000
2017-07-04,2195.92,2257.91,985516032
2017-07-05,2178.08,2250.24,941566016
2017-07-06,2215.09,2245.15,761956992
2017-07-07,2144.03,2502.05,917411968
2017-07-08,2138.4,2206.21,733329984
2017-07-09,2160.09,2261.25,527856000
2017-07-10,1991.53,2176.89,1111200000
2017-07-11,1970.67,2070.76,1329760000
2017-07-12,1952.07,2079.55,1117410048
2017-07-13,2008.43,2080.84,835769984
2017-07-14,1873.2,2027.67,882502976
2017-07-15,1707.77,1914.32,993608000
2017-07-16,1581.32,1766.43,1182870016
2017-07-17,1658.19,1913.76,1201760000
2017-07-18,1857.37,2048.57,1512450048
2017-07-19,1939.28,2056.77,1245100032
2017-07-20,1947.57,2488.8,2249260032
2017-07-21,2249.55,2435.36,1489449984
2017-07-22,2280.32,2455.96,1177129984
2017-07-23,2277.08,2430.01,1072840000
2017-07-24,2315.91,2382.89,866473984
2017-07-25,2128.67,2375.02,1460089984
2017-07-26,2102.79,2240.03,937404032
2017-07-27,2170.18,2310.87,789104000
2017-07-28,2299.21,2486.01,1380099968
2017-07-29,2310.42,2409.92,803745984
2017-07-30,2269.28,2366.82,705942976
2017-07-31,2334.29,2479.3,860574976
2017-08-01,2304.26,2506.52,1324669952
2017-08-02,2289.65,2370.25,1094950016
2017-08-03,2303.85,2413.82,804796992
2017-08-04,2354.11,2487.63,1002120000
2017-08-05,2466.61,2822.83,1945699968
2017-08-06,2707.51,2825.65,1105030016
2017-08-07,2729.21,2915.21,1482279936
2017-08-08,2870.73,2990.0,1752760064
2017-08-09,2786.5,2936.73,1468960000
2017-08-10,2848.11,2963.06,1515110016
2017-08-11,2893.28,3157.2,2021190016
2017-08-12,3100.56,3389.03,2219589888
2017-08-13,3310.0,3610.8,3159089920
2017-08-14,3422.7,3710.97,2463089920
2017-08-15,3351.51,3823.23,3258050048
2017-08-16,3427.22,3759.1,2272039936
2017-08-17,3641.11,3847.88,2553359872
2017-08-18,3445.22,3749.58,2941710080
2017-08-19,3406.74,3640.72,2975820032
2017-08-20,3491.96,3600.42,2109769984
2017-08-21,3422.22,3525.65,2800890112
2017-08-22,3152.79,3542.48,3764239872
2017-08-23,3499.28,3651.46,2369819904
2017-08-24,3543.77,3754.95,2037750016
2017-08-25,3695.71,3822.99,1727970048
2017-08-26,3663.25,3757.43,1511609984
2017-08-27,3704.24,3789.44,1537459968
2017-08-28,3624.74,3778.58,1959330048
2017-08-29,3734.13,3968.84,2486080000
2017-08-30,3836.47,3969.56,1937849984
2017-08-31,3903.39,4063.53,1944930048
2017-09-01,4014.18,4197.35,2599079936
2017-09-02,3834.61,4268.59,2722139904
2017-09-03,3790.3,4044.68,1933190016
2017-09-04,3525.01,3939.62,2987330048
2017-09-05,3430.38,3799.09,2697969920
2017-09-06,3755.12,3961.6,2172100096
2017-09-07,3853.57,3994.03,1844620032
2017-09-08,3496.51,3999.14,2700890112
2017-09-09,3529.91,3696.97,1386230016
2017-09-10,3390.0,3642.59,1679090048
2017-09-11,3517.29,3656.52,1557330048
2017-09-12,3505.12,3727.71,1864530048
2017-09-13,3251.75,3545.24,2219409920
2017-09-14,2706.01,3363.88,2716310016
2017-09-15,2528.2,3203.3,4148069888
2017-09-16,2992.53,3267.99,1818400000
2017-09-17,2956.36,3144.41,1239149952
2017-09-18,3081.16,3499.98,1943209984
2017-09-19,3319.49,3512.72,1563980032
2017-09-20,3309.94,3458.94,1213830016
2017-09-21,3100.5,3360.29,1411480064
2017-09-22,3048.93,3224.6,1194829952
2017-09-23,3084.15,3276.89,928113984
2017-09-24,3146.2,3257.1,768014976
2017-09-25,3158.8,3389.32,1374210048
2017-09-26,3320.38,3406.17,1043740032
2017-09-27,3333.18,3612.23,1686880000
2017-09-28,3526.13,3671.65,1712320000
2017-09-29,3465.71,3616.16,1367049984
2017-09-30,3570.02,3739.54,1207449984
2017-10-01,3663.5,3778.41,1208210048
2017-10-02,3755.86,3835.46,1431730048
2017-10-03,3654.13,3803.06,1288019968
2017-10-04,3612.54,3734.29,1116770048
2017-10-05,3572.76,3743.15,1161769984
2017-10-06,3707.02,3786.59,1069939968
2017-10-07,3707.46,3812.85,906928000
2017-10-08,3780.04,3967.52,1313869952
2017-10-09,3916.13,4185.94,1968739968
2017-10-10,4088.46,4223.23,1597139968
2017-10-11,4076.9,4181.66,1222279936
2017-10-12,4137.28,4673.45,2791610112
2017-10-13,4664.82,5010.98,3615480064
2017-10-14,4797.63,5008.75,1669030016
2017-10-15,4700.65,5021.43,1976039936
2017-10-16,4756.94,4956.01,2008070016
2017-10-17,4695.6,4976.71,1821570048
2017-10-18,4419.94,4808.08,2399269888
2017-10-19,4745.65,4928.66,1780540032
2017-10-20,4828.17,5199.58,2354429952
2017-10-21,5118.04,5315.21,2207099904
2017-10-22,4969.83,5213.44,2034630016
2017-10-23,4918.46,5212.86,2401840128
2017-10-24,4722.59,5092.68,2735699968
2017-10-25,4631.39,4937.22,1966989952
2017-10-26,4908.81,5128.1,1905040000
2017-10-27,4915.33,5138.04,1710130048
2017-10-28,4881.33,5042.23,1403920000
2017-10-29,4911.69,5367.4,2859040000
2017-10-30,5183.05,5332.47,1772150016
2017-10-31,5236.66,5551.63,2311379968
2017-11-01,5472.23,5806.36,2870320128
2017-11-02,5798.99,6321.18,4653770240
2017-11-03,6008.53,6401.79,3369860096
2017-11-04,6032.84,6428.88,2483800064
2017-11-05,6291.88,6535.8,2380410112
2017-11-06,6012.28,6388.48,3111899904
2017-11-07,6025.83,6223.35,2326340096
2017-11-08,6103.84,6672.17,4602200064
2017-11-09,6093.11,6389.39,3226249984
2017-11-10,5522.84,6273.7,5208249856
2017-11-11,5323.23,5897.17,4908680192
2017-11-12,4735.32,5684.3,8957349888
2017-11-13,5014.41,5844.01,6263249920
2017-11-14,5544.19,5804.36,3197110016
2017-11-15,5692.63,6299.66,4200880128
2017-11-16,6157.51,6836.02,5123809792
2017-11-17,6487.42,6867.94,4651670016
2017-11-18,6403.64,6765.33,3667190016
2017-11-19,6601.54,6951.45,3149319936
2017-11-20,6820.56,7153.03,3488450048
2017-11-21,6660.41,7163.16,4277609984
2017-11-22,6928.76,7123.35,3633530112
2017-11-23,6897.27,7093.44,4225179904
2017-11-24,6813.32,7185.04,5058610176
2017-11-25,7028.01,7542.62,4342060032
2017-11-26,7529.46,8170.68,5475579904
2017-11-27,8024.64,8424.15,5653320192
2017-11-28,8353.75,8687.86,6348819968
2017-11-29,8237.69,9881.94,11568799744
2017-11-30,7895.37,9267.27,8310689792
2017-12-01,8318.02,9478.08,6783119872
2017-12-02,9356.58,9712.74,5138500096
2017-12-03,9319.61,10174.77,6608309760
2017-12-04,9508.19,10001.89,6132409856
2017-12-05,9956.76,10323.47,6895260160
2017-12-06,10230.29,12328.7,12656300032
2017-12-07,12061.18,15357.96,17950699520
2017-12-08,12301.07,15747.23,21135998976
2017-12-09,11733.08,14399.83,13911300096
2017-12-10,11348.43,13599.83,13433299968
2017-12-11,13217.33,15026.94,12153900032
2017-12-12,14218.45,15256.8,14603799552
2017-12-13,13762.08,15146.37,12976900096
2017-12-14,13887.52,14659.63,13777399808
2017-12-15,14243.93,15576.23,14309999616
2017-12-16,15028.14,16916.94,12740599808
2017-12-17,16279.79,17236.38,13314599936
2017-12-18,15749.38,16620.33,14839499776
2017-12-19,14822.31,16454.57,16894499840
2017-12-20,13794.68,15387.99,22149699584
2017-12-21,13164.05,15073.1,16516599808
2017-12-22,10152.72,13679.45,22197999616
2017-12-23,11865.12,13387.56,13086000128
2017-12-24,10937.54,12549.12,11572299776
2017-12-25,11539.17,12520.81,10664699904
2017-12-26,12036.81,14123.72,13454300160
2017-12-27,12968.08,14526.73,12487600128
2017-12-28,11958.22,13632.26,12336499712
2017-12-29,12275.42,13109.4,13025500160
2017-12-30,10596.4,12597.08,14452599808
2017-12-31,10944.32,12335.82,12136299520
2018-01-01,11286.74,12108.28,10291200000
2018-01-02,11294.38,13251.48,16846600192
2018-01-03,12736.59,13361.48,16871900160
2018-01-04,12460.06,13504.68,21783199744
2018-01-05,13044.02,15191.08,23840899072
2018-01-06,14384.04,15197.25,18314600448
2018-01-07,13803.26,15083.31,15866000384
2018-01-08,12190.65,14189.53,18413899776
2018-01-09,12375.8,13296.87,16659999744
2018-01-10,11747.06,12847.1,18500800512
2018-01-11,11244.87,12886.14,16534099968
2018-01-12,11289.66,12209.27,12065699840
2018-01-13,11971.17,12577.86,12763599872
2018-01-14,11383.96,12451.14,11084099584
2018-01-15,11704.59,12394.25,12750799872
2018-01-16,8747.23,11877.39,18853799936
2018-01-17,8067.17,10019.73,18830600192
2018-01-18,9388.67,10388.07,15020399616
2018-01-19,9585.67,10289.83,10740400128
2018-01-20,10001.03,11242.39,11801700352
2018-01-21,9685.29,11064.69,9935179776
2018-01-22,8786.1,10267.18,10537400320
2018-01-23,8691.29,9761.99,9660609536
2018-01-24,9128.96,9868.21,9940989952
2018-01-25,9487.26,10112.14,8873169920
2018-01-26,8983.53,10001.46,9746199552
2018-01-27,9428.74,9965.59,7583269888
2018-01-28,9845.82,10330.59,8350360064
2018-01-29,9591.76,10189.27,7107359744
2018-01-30,8611.07,9701.59,8637859840
2018-01-31,8389.03,8907.42,8041160192
2018-02-01,7560.94,8827.8,9959400448
2018-02-02,6689.4,7844.08,12726899712
2018-02-03,7079.91,8091.59,7263790080
2018-02-04,6890.79,8009.33,7073549824
2018-02-05,5797.24,7177.04,9285289984
2018-02-06,5189.41,6735.91,13999800320
2018-02-07,6209.17,7300.82,9169280000
2018-02-08,6553.29,7343.43,9346750464
2018-02-09,6765.09,7496.34,6784820224
2018-02-10,7117.52,7827.16,7780960256
2018-02-11,6804.89,7392.65,6122189824
2018-02-12,6985.35,7709.93,6256439808
2018-02-13,7254.75,7686.37,5696719872
2018-02-14,7378.74,8166.92,7909819904
2018-02-15,8061.42,8781.47,9062540288
2018-02-16,8429.7,8858.09,7296159744
2018-02-17,8708.19,9557.7,8660880384
2018-02-18,8859.72,9738.14,8744009728
2018-02-19,9020.33,9672.93,7652089856
2018-02-20,9636.89,10260.4,9926540288
2018-02-21,8991.08,9797.08,9405339648
2018-02-22,8527.75,9471.56,8040079872
2018-02-23,8352.26,8998.11,7739500032
2018-02-24,8191.31,9092.41,6917929984
2018-02-25,8071.27,8514.13,5706939904
2018-02-26,8152.49,8987.56,7287690240
2018-02-27,8791.16,9333.76,6966179840
2018-02-28,8917.29,9515.06,6936189952
2018-03-01,8882.63,9482.88,7317279744
2018-03-02,9309.39,9600.17,7620590080
2018-03-03,9440.07,9891.21,6690570240
2018-03-04,9554.78,9877.82,6084149760
2018-03-05,9818.88,10042.13,6468539904
2018-03-06,9175.72,9867.1,6832169984
2018-03-07,8315.85,9377.52,8797910016
2018-03-08,8010.18,8706.48,7186089984
2018-03-09,7304.19,8122.14,8704190464
2018-03-10,7574.83,8177.88,5386319872
2018-03-11,7384.92,8332.81,6296370176
2018-03-12,7684.62,8526.38,6457399808
2018-03-13,7686.14,8125.59,5991139840
2018-03-14,6922.86,8027.33,6438230016
2018-03-15,6677.86,7231.53,6834429952
2018-03-16,6868.56,7366.07,5289379840
2018-03-17,6703.41,7161.33,4426149888
2018-03-18,6347.48,7074.65,6639190016
2018-03-19,7020.51,7443.9,6729110016
2018-03-20,7198.53,7765.78,6361789952
2018-03-21,7590.16,7874.19,6043129856
2018-03-22,7348.69,7808.42,5530390016
2018-03-23,7173.42,7618.72,5954120192
2018-03-24,7435.18,7718.73,5664600064
2018-03-25,7249.33,7449.17,4569880064
2018-03-26,6796.59,7318.82,5921039872
2018-03-27,6690.07,7063.73,5378250240
2018-03-28,6700.27,6969.45,4935289856
2018-03-29,6075.83,6859.14,6361229824
2018-03-30,5734.82,6243.38,6289509888
2018-03-31,5888.91,6184.34,4553269760
2018-04-01,5600.06,6058.3,4532100096
2018-04-02,5848.63,6122.24,4333440000
2018-04-03,6068.2,6461.55,5499700224
2018-04-04,5837.73,6409.16,4936000000
2018-04-05,5701.24,5949.22,5639320064
2018-04-06,5641.36,5883.73,3766810112
2018-04-07,5688.98,6049.37,3976610048
2018-04-08,5937.35,6101.72,3652499968
2018-04-09,5715.99,6158.82,4894060032
2018-04-10,5752.17,5896.53,4272750080
2018-04-11,5849.5,5978.82,4641889792
2018-04-12,5839.99,6777.55,8906250240
2018-04-13,6657.17,7021.84,7764460032
2018-04-14,6731.87,6984.74,5191430144
2018-04-15,6863.43,7154.37,5244480000
2018-04-16,6800.28,7182.45,5631309824
2018-04-17,6762.52,7109.36,6900879872
2018-04-18,6766.2,7033.72,6529909760
2018-04-19,6983.08,7120.28,7063209984
2018-04-20,7073.82,7619.25,8438110208
2018-04-21,7423.55,7719.92,7548550144
2018-04-22,7532.91,7723.41,6629899776
2018-04-23,7540.81,7686.44,6925190144
2018-04-24,7660.09,8350.59,10678800384
2018-04-25,7550.27,8361.49,11083100160
2018-04-26,7487.85,7963.54,8970559488
2018-04-27,7710.9,8044.16,7566289920
2018-04-28,7663.66,8075.58,7805479936
2018-04-29,7888.21,8178.03,8853000192
2018-04-30,7865.13,8131.39,8673920000
2018-05-01,7628.53,7941.55,7713019904
2018-05-02,7735.0,7942.1,7558159872
2018-05-03,7883.44,8406.98,10207299584
2018-05-04,8224.76,8390.56,8217829888
2018-05-05,8318.42,8549.55,7651939840
2018-05-06,8121.19,8528.65,7222280192
2018-05-07,7920.66,8293.31,7394019840
2018-05-08,7831.63,8119.05,7415869952
2018-05-09,7749.14,8043.55,7226890240
2018-05-10,7756.77,8061.81,6906699776
2018-05-11,7202.45,7767.45,8488520192
2018-05-12,7055.77,7434.46,6821380096
2018-05-13,7203.02,7527.71,5866379776
2018-05-14,7179.73,7620.01,7364149760
2018-05-15,7255.64,7581.46,6705710080
2018-05-16,7014.58,7300.24,6760220160
2018-05-17,6910.44,7246.28,5862530048
2018-05-18,6842.4,7099.2,5764190208
2018-05-19,7021.32,7183.23,4712399872
2018-05-20,7040.1,7346.56,5191059968
2018-05-21,7177.28,7342.36,5154990080
2018-05-22,6867.94,7227.16,5137010176
2018-05-23,6441.77,6910.91,6491120128
2018-05-24,6290.12,6639.73,6049220096
2018-05-25,6342.9,6571.55,4867829760
2018-05-26,6305.55,6516.65,4051539968
2018-05-27,6238.49,6333.54,4056519936
2018-05-28,6092.57,6365.55,5040600064
2018-05-29,6083.81,6457.67,5662660096
2018-05-30,6275.08,6498.3,4922540032
2018-05-31,6315.86,6528.44,5127130112
2018-06-01,6355.5,6524.86,4921460224
2018-06-02,6432.66,6603.03,4939299840
2018-06-03,6531.99,6653.7,4851760128
2018-06-04,6412.73,6652.78,4993169920
2018-06-05,6346.63,6557.9,4961739776
2018-06-06,6436.73,6589.82,4692259840
2018-06-07,6564.41,6642.02,4485799936
2018-06-08,6485.11,6605.05,4227579904
2018-06-09,6462.45,6592.52,3845220096
2018-06-10,5756.39,6434.62,5804839936
2018-06-11,5754.29,5928.94,4745269760
2018-06-12,5613.11,5927.04,4654380032
2018-06-13,5393.08,5689.97,5052349952
2018-06-14,5434.97,5754.73,5138710016
2018-06-15,5520.27,5732.37,3955389952
2018-06-16,5493.17,5656.36,3194170112
2018-06-17,5576.38,5653.46,3104019968
2018-06-18,5531.26,5818.22,4039200000
2018-06-19,5757.12,5853.71,4057029888
2018-06-20,5673.0,5852.9,3888640000
2018-06-21,5761.62,5843.79,3529129984
2018-06-22,5153.67,5789.0,5079810048
2018-06-23,5209.62,5340.9,3431360000
2018-06-24,4999.06,5340.01,4566909952
2018-06-25,5250.69,5428.89,5500810240
2018-06-26,5228.37,5396.96,3279759872
2018-06-27,5193.35,5302.45,3296219904
2018-06-28,5039.08,5294.22,3467800064
2018-06-29,5007.08,5372.51,3966230016
2018-06-30,5331.81,5547.41,4543860224
2018-07-01,5396.22,5519.39,4788259840
2018-07-02,5410.3,5734.76,4396930048
2018-07-03,5532.18,5724.04,4672309760
2018-07-04,5534.5,5810.31,4176689920
2018-07-05,5617.03,5791.11,4999240192
2018-07-06,5605.79,5749.41,4313959936
2018-07-07,5644.99,5889.31,3961080064
2018-07-08,5789.77,5908.12,3386210048
2018-07-09,5769.49,5867.59,3718129920
2018-07-10,5423.18,5806.73,4052430080
2018-07-11,5431.55,5529.78,3644859904
2018-07-12,5265.05,5488.72,3770170112
2018-07-13,5312.95,5414.46,3805400064
2018-07-14,5330.09,5403.85,2923670016
2018-07-15,5368.09,5494.17,3285459968
2018-07-16,5454.32,5784.43,4725799936
2018-07-17,5735.02,6338.26,5961950208
2018-07-18,6246.65,6465.03,6103410176
2018-07-19,6259.51,6430.25,5111629824
2018-07-20,6283.36,6516.23,4936869888
2018-07-21,6231.15,6381.5,3726609920
2018-07-22,6335.32,6467.57,3695460096
2018-07-23,6357.01,6667.95,5132480000
2018-07-24,6611.33,7228.03,7277689856
2018-07-25,6938.1,7221.68,5845400064
2018-07-26,6759.94,7113.11,4899089920
2018-07-27,6726.52,7089.37,5195879936
2018-07-28,6959.05,7055.21,3988750080
2018-07-29,6985.14,7097.61,4107190016
2018-07-30,6793.22,7066.07,5551400000
2018-07-31,6603.97,7019.76,5287530000
2018-08-01,6439.25,6665.84,4797620000
2018-08-02,6455.12,6617.56,4214110000
2018-08-03,6287.99,6488.32,4627150000
2018-08-04,5992.34,6432.85,4268390000
2018-08-05,5955.13,6094.18,3679110000
2018-08-06,5912.09,6148.91,3925900000
2018-08-07,5790.0,6131.75,4682800000
2018-08-08,5342.1,5788.8,5064430000
2018-08-09,5361.71,5684.88,4267040000
2018-08-10,5254.84,5655.31,4528680000
2018-08-11,5241.55,5539.03,4047850000
2018-08-12,5351.78,5499.66,5665250000
2018-08-13,5341.67,5608.79,4083980000
2018-08-14,5123.17,5395.06,5301700000
2018-08-15,5337.98,5652.93,4895450000
2018-08-16,5385.17,5554.27,4328420000
2018-08-17,5426.83,5647.79,4992990000
2018-08-18,5451.51,5677.69,3984520000
2018-08-19,5458.22,5609.59,3311170000
2018-08-20,5403.63,5608.68,3665100000
2018-08-21,5403.9,5577.75,3377180000
2018-08-22,5414.08,5848.81,4668110000
2018-08-23,5466.62,5616.94,3426180000
2018-08-24,5575.84,5765.73,4097820000
2018-08-25,5749.43,5825.51,3312600000
2018-08-26,5680.61,5812.74,3295500000
2018-08-27,5739.78,5907.03,4019000000
2018-08-28,5905.05,6100.01,4659940000
2018-08-29,5980.97,6103.22,4145880000
2018-08-30,5864.17,6068.37,4463250000
2018-08-31,5937.5,6055.06,4495650000
2018-09-01,6038.65,6213.89,4116050000
2018-09-02,6119.4,6268.82,4329540000
2018-09-03,6184.6,6278.8,4087760000
2018-09-04,6225.17,6339.13,4273640000
2018-09-05,5828.25,6339.28,5800460000
2018-09-06,5495.26,5795.92,5523470000
2018-09-07,5488.52,5624.44,4264680000
2018-09-08,5317.48,5606.39,3835060000
2018-09-09,5320.65,5530.9,3671890000
2018-09-10,5399.19,5469.74,3714100000
2018-09-11,5371.27,5490.28,3849910000
2018-09-12,5375.45,5460.21,4064230000
2018-09-13,5451.94,5607.39,4210910000
2018-09-14,5539.4,5659.46,4076220000
2018-09-15,5571.47,5629.96,3216300000
2018-09-16,5542.77,5615.04,3273730000
2018-09-17,5368.96,5611.51,3910780000
2018-09-18,5375.98,5477.63,4180090000
2018-09-19,5326.76,5532.78,4431340000
2018-09-20,5487.73,5602.11,4348110000
2018-09-21,5573.88,5829.54,6531940000
2018-09-22,5677.22,5846.9,4509660000
2018-09-23,5730.95,5805.36,4197500000
2018-09-24,5646.42,5760.24,4177310000
2018-09-25,5475.64,5665.93,4726180000
2018-09-26,5489.4,5650.72,4437300000
2018-09-27,5546.93,5758.99,4606810000
2018-09-28,5661.36,5821.56,5014430000
2018-09-29,5587.0,5699.79,4363690000
2018-09-30,5634.1,5700.37,4002280000
2018-10-01,5619.12,5708.54,4000970000
2018-10-02,5609.52,5672.96,3979260000
2018-10-03,5537.56,5638.32,3887310000
2018-10-04,5575.21,5665.65,3838410000
2018-10-05,5626.26,5683.07,3671500000
2018-10-06,5643.76,5687.29,3259740000
2018-10-07,5625.95,5698.4,3306630000
2018-10-08,5642.25,5727.21,3979460000
2018-10-09,5668.76,5715.5,3580810000
2018-10-10,5610.43,5697.37,3787650000
2018-10-11,5357.13,5651.43,5181640000
2018-10-12,5350.9,5429.86,3783500000
2018-10-13,5370.92,5412.71,3064030000
2018-10-14,5388.37,5459.64,3085320000
2018-10-15,5369.95,5976.03,7370770000
2018-10-16,5638.24,5725.95,4074800000
2018-10-17,5591.98,5663.84,4088420000
2018-10-18,5534.14,5634.95,3924080000
2018-10-19,5530.08,5571.58,3578870000
2018-10-20,5533.25,5575.05,3379130000
2018-10-21,5556.41,5625.38,3253610000
2018-10-22,5545.24,5614.59,3672860000
2018-10-23,5535.2,5582.16,3716150000
2018-10-24,5550.29,5595.87,3424670000
2018-10-25,5531.56,5581.0,3230550000
2018-10-26,5533.77,5575.54,3306050000
2018-10-27,5537.13,5583.36,3393250000
2018-10-28,5532.31,5578.96,3445190000
2018-10-29,5411.4,5580.09,4199910000
2018-10-30,5414.11,5461.17,3781100000
2018-10-31,5419.89,5447.58,4191240000
2018-11-01,5415.56,5617.45,3789400000
2018-11-02,5428.9,5488.51,4234870000
2018-11-03,5441.76,5491.27,3658640000
2018-11-04,5400.75,5481.45,4390020000
2018-11-05,5459.99,5560.35,4174800000
2018-11-06,5498.21,5545.73,4700040000
2018-11-07,5549.82,5621.76,4941260000
2018-11-08,5524.26,5608.68,4665260000
2018-11-09,5468.36,5539.65,4346820000
2018-11-10,5478.6,5523.19,3705320000
2018-11-11,5448.45,5511.15,3939060000
2018-11-12,5457.29,5520.56,4295770000
2018-11-13,5442.02,5487.15,4503800000
2018-11-14,4756.83,5466.8,7398940000
2018-11-15,4597.49,4954.8,7032140000
2018-11-16,4718.1,4853.73,5279320000
2018-11-17,4735.79,4786.43,4303150000
2018-11-18,4770.26,4850.8,4159680000
2018-11-19,4155.22,4822.63,7039560000
2018-11-20,3665.47,4248.49,8428290000
2018-11-21,3727.14,4011.78,6120120000
2018-11-22,3745.72,3972.24,4569370000
2018-11-23,3599.9,3772.13,4871490000
2018-11-24,3256.25,3786.43,4679500000
2018-11-25,3075.98,3535.71,6825640000
2018-11-26,3126.49,3523.93,6476900000
2018-11-27,3141.15,3314.42,5998720000
2018-11-28,3279.68,3763.11,7280280000
2018-11-29,3557.07,3786.38,6503347767
2018-11-30,3382.94,3709.12,6048016716
2018-12-01,3406.02,3697.45,5375314093
2018-12-02,3527.22,3690.71,5262697895
2018-12-03,3295.11,3565.83,5089570993
2018-12-04,3288.5,3496.89,5028069239
2018-12-05,3220.93,3405.87,5302481573
2018-12-06,3021.11,3324.72,5878333109
2018-12-07,2814.44,3013.81,6835615448
2018-12-08,2874.86,3008.19,5305024497
2018-12-09,2976.49,3162.0,4947372847
2018-12-10,2977.39,3129.41,5020968740
2018-12-11,2910.55,3014.32,4696765187
2018-12-12,2928.77,3032.37,4139364828
2018-12-13,2829.8,2994.2,4343372456
2018-12-14,2751.22,2856.76,4372763663
2018-12-15,2738.14,2810.28,3551763561
2018-12-16,2774.62,2836.34,3744248994
2018-12-17,2791.18,3087.02,5409247918
2018-12-18,2991.99,3175.76,5911325472
2018-12-19,3163.65,3388.52,6810689118
2018-12-20,3199.46,3596.08,8927129279
2018-12-21,3304.12,3602.26,7206015706
2018-12-22,3308.23,3444.17,5605823232
2018-12-23,3411.76,3505.55,6151275489
2018-12-24,3432.29,3665.2,7240968501
2018-12-25,3226.1,3508.85,6158207293
2018-12-26,3234.55,3340.51,5326547918
2018-12-27,3127.8,3324.25,5130222366
2018-12-28,3125.38,3394.37,5631554348
2018-12-29,3277.91,3400.91,4991655917
2018-12-30,3258.02,3347.84,4770578574
2018-12-31,3196.8,3319.38,4661840806
2019-01-01,3180.81,3304.09,4324200990
2019-01-02,3275.34,3387.37,5244856835
2019-01-03,3282.9,3376.82,4530215218
2019-01-04,3246.55,3316.98,4847965467
2019-01-05,3292.06,3350.41,5137609823
2019-01-06,3283.15,3512.05,5597027439
2019-01-07,3449.93,3511.47,5228625637
2019-01-08,3429.39,3525.54,5306593305
2019-01-09,3451.45,3490.69,5115905224
2019-01-10,3139.57,3486.97,6874143795
2019-01-11,3134.34,3186.51,5538712864
2019-01-12,3134.97,3173.73,4778170882
2019-01-13,3041.55,3152.95,4681302465
2019-01-14,3047.86,3198.49,5651384489
2019-01-15,3105.92,3191.89,5537192301
2019-01-16,3109.97,3162.4,5394457144
2019-01-17,3107.65,3157.56,5464420383
2019-01-18,3120.62,3159.61,5002961726
2019-01-19,3133.74,3224.82,5955691379
2019-01-20,3074.23,3211.83,5582489559
2019-01-21,3053.23,3096.39,5004347059
2019-01-22,3037.08,3106.6,5313623556
2019-01-23,3059.04,3108.6,5433755648
2019-01-24,3062.28,3102.61,5262869046
2019-01-25,3067.87,3099.9,5265847538
2019-01-26,3083.09,3135.94,5098183234
2019-01-27,3060.7,3099.68,5570752966
2019-01-28,2950.86,3077.44,6908930483
2019-01-29,2917.91,2982.47,5897159492
2019-01-30,2942.42,2998.86,5955112626
2019-01-31,2958.31,3007.13,5831198270
2019-02-01,2944.31,3004.68,5422926707
2019-02-02,2975.18,3022.98,5071623600
2019-02-03,2958.32,3021.35,5043937583
2019-02-04,2953.74,2982.6,5332718886
2019-02-05,2961.76,2984.25,5227549544
2019-02-06,2915.97,2976.48,5482196037
2019-02-07,2912.24,2941.18,5004962682
2019-02-08,2909.5,3170.84,7735623101
2019-02-09,3128.75,3157.39,6158833644
2019-02-10,3123.96,3170.34,6282256902
2019-02-11,3125.09,3170.84,6277056433
2019-02-12,3104.72,3147.65,6480384531
2019-02-13,3103.6,3148.65,6438903822
2019-02-14,3095.41,3128.49,6271044417
2019-02-15,3095.84,3129.81,6091952230
2019-02-16,3101.9,3134.14,5934744051
2019-02-17,3105.26,3157.9,7039512502
2019-02-18,3148.85,3377.66,9908216640
2019-02-19,3353.2,3441.34,9933626654
2019-02-20,3368.72,3432.42,8693373948
2019-02-21,3380.62,3440.59,7775128102
2019-02-22,3389.8,3437.61,7826525254
2019-02-23,3405.17,3574.68,8922258315
2019-02-24,3255.01,3612.73,10794227451
2019-02-25,3266.41,3357.96,9318796066
2019-02-26,3293.0,3338.98,7931218996
2019-02-27,3249.3,3336.6,8301309684
2019-02-28,3299.72,3351.4,8399767798
2019-03-01,3304.76,3352.89,7661247975
2019-03-02,3287.97,3324.42,7578786075
2019-03-03,3292.07,3325.17,7253558152
2019-03-04,3203.56,3318.22,9029175787
2019-03-05,3213.37,3349.56,10174126414
2019-03-06,3321.72,3362.94,9175291528
2019-03-07,3341.15,3379.99,9584165518
2019-03-08,3324.95,3389.47,10638638944
2019-03-09,3339.67,3421.05,10796103518
2019-03-10,3367.12,3402.98,9713267606
2019-03-11,3336.97,3403.16,10125901902
2019-03-12,3314.94,3369.27,9809887079
2019-03-13,3339.26,3369.02,9469184841
2019-03-14,3347.32,3386.1,10480789569
2019-03-15,3358.23,3405.01,9394210604
2019-03-16,3399.11,3498.1,9856166973
2019-03-17,3437.5,3478.44,8221625399
2019-03-18,3439.83,3493.4,9646954186
2019-03-19,3452.43,3502.54,9344919956
2019-03-20,3458.7,3508.76,10175916388
2019-03-21,3436.42,3515.54,10831212661
2019-03-22,3450.49,3478.26,9252935969
2019-03-23,3445.7,3474.8,9578850549
2019-03-24,3437.32,3466.92,9144851064
2019-03-25,3375.4,3465.33,10359818882
2019-03-26,3384.6,3419.2,10707678814
2019-03-27,3412.96,3506.71,10897131934
2019-03-28,3466.55,3513.43,9353915899
2019-03-29,3461.26,3529.39,10918665556
2019-03-30,3478.26,3686.66,9732688060
2019-03-31,3512.74,3528.98,9045122442
2019-04-01,3515.14,3573.53,10157794170
2019-04-02,3565.27,4209.31,21315047816
2019-04-03,4184.15,4553.41,22899891582
2019-04-04,4149.97,4344.2,18251810239
2019-04-05,4220.93,4335.92,16837325387
2019-04-06,4283.33,4466.6,16929795193
2019-04-07,4333.26,4491.79,16655416140
2019-04-08,4417.17,4563.57,17154113634
2019-04-09,4433.65,4538.75,14722104361
2019-04-10,4455.93,4651.78,15504590933
2019-04-11,4304.84,4593.93,16555616019
2019-04-12,4252.13,4378.61,13675206312
2019-04-13,4342.85,4399.08,10823289598
2019-04-14,4335.97,4447.89,10391952498
2019-04-15,4310.66,4458.69,12290155060
2019-04-16,4337.36,4495.02,11618660197
2019-04-17,4478.08,4525.33,12438480676
2019-04-18,4504.94,4564.55,13256489918
2019-04-19,4490.21,4578.88,13780238655
2019-04-20,4543.87,4597.59,13169647522
2019-04-21,4510.8,4598.82,13731844222
2019-04-22,4530.48,4652.67,14601631647
2019-04-23,4624.12,4833.81,15867308107
2019-04-24,4648.87,4840.88,17048033399
2019-04-25,4445.59,4755.25,15330283408
2019-04-26,4442.19,4619.16,16812108039
2019-04-27,4490.46,4556.63,13111274675
2019-04-28,4509.38,4569.91,12819992055
2019-04-29,4475.75,4557.08,13735490672
2019-04-30,4482.36,4601.68,13878964573
2019-05-01,4588.28,4648.65,13679528236
2019-05-02,4628.24,4738.11,14644460907
2019-05-03,4710.6,5032.93,18720780005
2019-05-04,4843.82,5050.96,17567780765
2019-05-05,4897.5,5005.46,14808830722
2019-05-06,4850.87,4978.94,15737171804
2019-05-07,4926.12,5137.86,18026409032
2019-05-08,4971.87,5139.41,15320605299
2019-05-09,5132.83,5305.05,16784645410
2019-05-10,5286.59,5520.91,19419875367
2019-05-11,5470.35,6291.72,28867562329
2019-05-12,5847.94,6438.33,27773333679
2019-05-13,5918.73,6904.69,28677672181
2019-05-14,6603.51,7094.56,32031452226
2019-05-15,6777.44,7049.7,28344112919
2019-05-16,6632.01,7139.27,33167197581
2019-05-17,6038.72,6803.21,30066644905
2019-05-18,6221.8,6389.77,21354286561
2019-05-19,6235.92,7088.75,25902422039
2019-05-20,6588.4,7036.44,23843404339
2019-05-21,6729.59,6917.35,25127245056
2019-05-22,6534.52,6861.96,24719473174
2019-05-23,6463.49,6815.78,24457107820
2019-05-24,6713.38,6984.74,25919126990
2019-05-25,6834.81,6965.19,22256813106
2019-05-26,6799.37,7453.9,26677970091
2019-05-27,7437.76,7642.36,27949839563
2019-05-28,7408.6,7556.43,24226919266
2019-05-29,7278.19,7512.53,23473479966
2019-05-30,7053.86,7729.14,29246528551
2019-05-31,7012.06,7367.36,25365190957
2019-06-01,7277.2,7400.77,22488303543
2019-06-02,7345.55,7558.39,20266216022
2019-06-03,7039.2,7501.93,22004511436
2019-06-04,6490.34,7045.03,24609731548
2019-06-05,6579.72,6779.79,21760923463
2019-06-06,6496.33,6810.25,19474611077
2019-06-07,6682.43,6972.25,19141423230
2019-06-08,6724.68,6929.98,16522722809
2019-06-09,6506.41,6843.39,16610726547
2019-06-10,6509.42,6891.39,18689275117
2019-06-11,6669.07,6886.65,17107279931
2019-06-12,6745.91,7032.73,19034432883
2019-06-13,6938.71,7131.33,18669407147
2019-06-14,7021.36,7473.73,19831162905
2019-06-15,7394.59,7601.14,18371033226
2019-06-16,7562.9,8010.18,23348550310
2019-06-17,7712.5,8079.29,15562951918
2019-06-18,7726.21,8020.91,15848210535
2019-06-19,7782.41,7979.08,15546809946
2019-06-20,7921.48,8232.02,17846823783
2019-06-21,8172.52,8704.04,20624008643
2019-06-22,8671.84,9573.01,29995204860
2019-06-23,9057.14,9649.2,20998326501
2019-06-24,9103.76,9494.55,19271652364
2019-06-25,9444.19,10116.62,24879684533
2019-06-26,10086.31,11837.4,45105733173
2019-06-27,9002.02,11420.97,39977475222
2019-06-28,9364.65,10677.97,35087757765
2019-06-29,9874.2,10639.99,29923961127
2019-06-30,9265.56,10449.06,27256473494
2019-07-01,8656.64,9615.13,29378589324
2019-07-02,8355.11,9362.67,31015895222
2019-07-03,9281.99,10268.62,30796494293
2019-07-04,9580.93,10301.22,25920294033
2019-07-05,9330.73,9777.49,23838480210
2019-07-06,9423.03,9970.8,21092024306
2019-07-07,9565.68,9902.72,19369044276
2019-07-08,9775.52,10592.74,23482551458
2019-07-09,10496.15,10964.51,28167921522
2019-07-10,10048.03,11265.15,33627574244
2019-07-11,9574.37,10420.1,28595327690
2019-07-12,9591.72,10214.92,23534692796
2019-07-13,9359.48,10160.41,21042616383
2019-07-14,8781.28,9825.14,22486000001
2019-07-15,8573.15,9483.28,25384047206
2019-07-16,8106.48,9435.12,24151199069
2019-07-17,7861.98,8548.38,24569921548
2019-07-18,8045.3,9212.22,25187024648
2019-07-19,8777.03,9195.18,20727426309
2019-07-20,8967.2,9479.76,20206615154
2019-07-21,8914.29,9302.35,17130580467
2019-07-22,8712.93,9139.25,16334414913
2019-07-23,8480.13,8877.52,17851916994
2019-07-24,8249.08,8501.76,17398734321
2019-07-25,8386.06,8712.36,15821952090
2019-07-26,8338.04,8508.38,14495714483
2019-07-27,8075.09,8723.57,16817809536
2019-07-28,7938.48,8215.83,13738687092
2019-07-29,8127.8,8306.86,13791445323
2019-07-30,8097.24,8324.12,13829811132
2019-07-31,8235.18,8653.48,16631520647
2019-08-01,8513.1,8963.47,17165337857
2019-08-02,8898.34,9144.53,17489094081
2019-08-03,9012.02,9392.35,15352685060
2019-08-04,9112.21,9445.91,16530894786
2019-08-05,9404.32,10206.0,23875988832
2019-08-06,9687.46,10530.95,23635107659
2019-08-07,9810.13,10327.75,22194988641
2019-08-08,9915.2,10278.35,19481591729
2019-08-09,10046.97,10270.66,18339989959
2019-08-10,9715.91,10223.64,18125355447
2019-08-11,9651.05,9887.24,15774371517
2019-08-12,9713.39,9891.2,13647198229
2019-08-13,9292.43,9798.41,16681503536
2019-08-14,8604.15,9343.25,19990838299
2019-08-15,8301.43,8955.31,22899115082
2019-08-16,8456.01,9029.9,20228207096
2019-08-17,8654.4,8968.36,13778035685
2019-08-18,8682.19,8997.92,12999813869
2019-08-19,8848.74,9365.98,16038264603
2019-08-20,9111.08,9392.57,15053082175
2019-08-21,8548.02,9265.32,19473084767
2019-08-22,8435.4,8779.92,17097508856
2019-08-23,8647.1,8959.63,15627023886
2019-08-24,8564.82,8938.67,15451030650
2019-08-25,8587.55,8841.37,14153856609
2019-08-26,8688.37,9019.59,18438654079
2019-08-27,8654.91,8907.19,14762609502
2019-08-28,8336.9,8819.71,17603790323
2019-08-29,8083.77,8371.33,17045878500
2019-08-30,8089.49,8284.96,13595263986
2019-08-31,8178.29,8299.63,11454806419
2019-09-01,8222.17,8405.62,11445355859
2019-09-02,8348.91,8920.28,17248102293
2019-09-03,8844.74,9211.59,19384917988
2019-09-04,8952.99,9234.36,16742664768
2019-09-05,9023.1,9118.21,14551239507
2019-09-06,8830.8,9351.15,19536574782
2019-09-07,8879.38,9059.35,15307366476
2019-09-08,8931.01,9091.07,13670567492
2019-09-09,8704.36,8966.38,17595943367
2019-09-10,8597.66,8918.36,14906809639
2019-09-11,8563.51,8765.29,15428063426
2019-09-12,8665.16,8959.46,15323563925
2019-09-13,8774.43,8958.81,14109864674
2019-09-14,8830.28,8942.2,13468713124
2019-09-15,8848.64,8912.09,12043433567
2019-09-16,8742.81,8911.94,15160167778
2019-09-17,8751.39,8834.64,15304603363
2019-09-18,8744.29,8816.76,16169268880
2019-09-19,8452.76,8833.69,19937691247
2019-09-20,8693.42,8825.29,14734189639
2019-09-21,8580.62,8741.4,13425266806
2019-09-22,8513.54,8643.88,13199651698
2019-09-23,8345.9,8643.71,15144925408
2019-09-24,7182.16,8412.11,25002886688
2019-09-25,7143.2,7503.07,21744728352
2019-09-26,6774.46,7306.47,19258205289
2019-09-27,6834.77,7096.97,16408941155
2019-09-28,6971.63,7109.07,14141152736
2019-09-29,6855.85,7088.55,13034629108
2019-09-30,6718.8,7133.62,17115474183
2019-10-01,7063.65,7291.03,15305343412
2019-10-02,7059.37,7201.24,13125712442
2019-10-03,6989.65,7219.41,13668823409
2019-10-04,6993.77,7087.13,13139456229
2019-10-05,6925.03,7048.93,12200497197
2019-10-06,6828.7,7002.5,13160830305
2019-10-07,6783.15,7128.66,18009742607
2019-10-08,7023.39,7149.48,15592264032
2019-10-09,7009.27,7402.58,19384942333
2019-10-10,7268.93,7400.49,17618660671
2019-10-11,7135.29,7483.29,19604381101
2019-10-12,7132.85,7220.29,14532641604
2019-10-13,7101.34,7268.12,13808286058
2019-10-14,7107.79,7198.81,15151387859
2019-10-15,7020.77,7216.4,15220412631
2019-10-16,6851.21,7050.03,16071646995
2019-10-17,6864.82,6979.69,14313052244
2019-10-18,6780.06,6982.77,15651592610
2019-10-19,6816.63,6934.9,13797825640
2019-10-20,6820.63,7105.81,15504249442
2019-10-21,7032.53,7118.57,15868748865
2019-10-22,6927.9,7118.53,16803377856
2019-10-23,6408.69,6943.8,21942878957
2019-10-24,6389.52,6463.21,16268708848
2019-10-25,6417.83,7457.35,28705065488
2019-10-26,7432.54,8598.67,44496255608
2019-10-27,7818.57,8365.1,32593129500
2019-10-28,7941.78,8412.8,30948255331
2019-10-29,7921.62,8164.89,28426779937
2019-10-30,7795.26,8088.27,27706531577
2019-10-31,7746.65,8050.76,26583653946
2019-11-01,7835.3,7958.52,24324691031
2019-11-02,7936.15,8045.89,21242676385
2019-11-03,7843.2,8047.88,21132220847
2019-11-04,7886.3,8155.34,26170255634
2019-11-05,7942.46,8114.47,26198609047
2019-11-06,7984.48,8085.15,23133895764
2019-11-07,7895.63,8038.16,22700383838
2019-11-08,7529.42,7956.04,24333037836
2019-11-09,7544.54,7629.19,17578630605
2019-11-10,7555.69,7811.09,20587919881
2019-11-11,7465.13,7791.75,20265510765
2019-11-12,7452.1,7596.54,20309769107
2019-11-13,7517.5,7582.02,17545755404
2019-11-14,7458.22,7573.52,19084739974
2019-11-15,7280.0,7491.1,21796856471
2019-11-16,7270.68,7371.94,16495389808
2019-11-17,7293.84,7488.45,18668638896
